album,id,large,med,preview,small,song_name
Elvis' Golden Records,4gphxUgq0JSFv2BCLhNDiE,https://i.scdn.co/image/31301ae33f6ec1ca0f86edec54a9a7be14c78310,https://i.scdn.co/image/1123a3ffb6d553b1770a2b51ad07d8113c205bf5,https://p.scdn.co/mp3-preview/29990f669b5328b6c40320596a2b14d8660cdb54?cid=89541d432a864af4a2f0cba84cd40170,https://i.scdn.co/image/e0c1b855510a651821bcfcc6f20cd2424e493c93,Jailhouse Rock
More Of The Monkees (Deluxe Edition),3G7tRC24Uh09Hmp1KZ7LQ2,https://i.scdn.co/image/9f5c00aa440d12b238a8d286f8c2e44a96dac53e,https://i.scdn.co/image/7a6fb6526626bc98bd5ed10ac591f5aa0529e1ac,https://p.scdn.co/mp3-preview/4e143a9e5486ecc18bfdfac1b4f5d9d2d730a328?cid=89541d432a864af4a2f0cba84cd40170,https://i.scdn.co/image/1e93bd790b7fea3b68f9f0a03de6d5d13dc27258,I'm a Believer - 2006 Remaster / Original Stereo
Blue Hawaii,44AyOl4qVkzS48vBsbNXaC,https://i.scdn.co/image/4295b5ff74d4f944367144acbe616b6f62d20b17,https://i.scdn.co/image/203104e5843248c700b078f391d4bc759c5d7f47,https://p.scdn.co/mp3-preview/26e409b39a2da6dc18fab61020c90be2938dc0e9?cid=89541d432a864af4a2f0cba84cd40170,https://i.scdn.co/image/0c0a172373b0211c590b241270d05b70889075a1,Can't Help Falling in Love
Don't Play That Song (Mono),3SdTKo2uVsxFblQjpScoHy,https://i.scdn.co/image/edc2885f307788617bc1152168c245933d7231f2,https://i.scdn.co/image/135bb198dad5c469f1864544b7b9657b9e97bad2,https://p.scdn.co/mp3-preview/cdc0401bbc4a03b855d9dd820fdf680917865dba?cid=89541d432a864af4a2f0cba84cd40170,https://i.scdn.co/image/5be1c63ccf1bba6f7cdf6760f7b3471e244433a9,Stand by Me
Celebration (double disc version),1z3ugFmUKoCzGsI6jdY4Ci,https://i.scdn.co/image/564f47f8a5e9914519c0c93dcdb037fe85472998,https://i.scdn.co/image/1243660368d77d4e1b747d8cc68ec0cc318c0036,https://p.scdn.co/mp3-preview/b56a70770267b00ccae13c2e8c8a34ed54627d02?cid=89541d432a864af4a2f0cba84cd40170,https://i.scdn.co/image/451afa1697ac8d5db3ca404031351e0f75d65cf3,Like a Prayer
From Elvis in Memphis,1H5IfYyIIAlgDX8zguUzns,https://i.scdn.co/image/67e6848dbf8e7e7d93120b19033d7639d7f92e34,https://i.scdn.co/image/1ecdfce504d076b0853cfd83c31f06b5de7106b1,https://p.scdn.co/mp3-preview/7a298f247198d8736393e166cb9f9e32227f1886?cid=89541d432a864af4a2f0cba84cd40170,https://i.scdn.co/image/8f50e0a7c68c6c2afa47b166a708075d3be75c14,Suspicious Minds
Hotel California (Remastered),40riOy7x9W7GXjyGp4pjAv,https://i.scdn.co/image/a5d370a3ea82efa63784521a1d7352db0a7a4d3a,https://i.scdn.co/image/bbfa72f88af20c15aa7b56e1aea8682221eab243,https://p.scdn.co/mp3-preview/50e82c99c20ffa4223e82250605bbd8500cb3928?cid=89541d432a864af4a2f0cba84cd40170,https://i.scdn.co/image/3cbe9c0160c600e14d5c24696cade21e80048e59,Hotel California - Eagles 2013 Remaster
Blood Sugar Sex Magik (Deluxe Version),3d9DChrdc6BOeFsbrZ3Is0,https://i.scdn.co/image/5a6a1c6514398dc4004c6348a83d77694a3883d4,https://i.scdn.co/image/5ec4ff29311f065813234bdeee7c1364960f0c3e,https://p.scdn.co/mp3-preview/90e41778392f27b6f7dd82db4c90916b3727aa6a?cid=89541d432a864af4a2f0cba84cd40170,https://i.scdn.co/image/0fe6b80fd539eb74825b58c3fa62db459fa76b68,Under The Bridge
Tawny Tracks,7sU7UgO8XwiSq2qt4Mgyq0,https://i.scdn.co/image/bd2c076aa494bacad188c85e11f0dd5809c09187,https://i.scdn.co/image/8f5c65d7d4a065cb07758a625c147c019abc67ad,https://p.scdn.co/mp3-preview/aa61cbc188c5b201d2eb3cf863c305ec578578b4?cid=89541d432a864af4a2f0cba84cd40170,https://i.scdn.co/image/27d9ff88ae13a05d27221f22cb678d10bd0dcc69,I Love Rock 'N Roll
Highway 61 Revisited,3AhXZa8sUQht0UEdBJgpGc,https://i.scdn.co/image/e3d720410b4a0770c1fc84bc8eb0f0b76758a358,https://i.scdn.co/image/1bfad02b60bf24ba6b12b96d27775b68ffc5db5c,https://p.scdn.co/mp3-preview/f0eec1a1dbd31bf51cf323d2981535ec4fc5a568?cid=89541d432a864af4a2f0cba84cd40170,https://i.scdn.co/image/291aa67dfb4347025324be042fd7ee54d72ab62b,Like a Rolling Stone
9 To 5 And Odd Jobs,4w3tQBXhn5345eUXDGBWZG,https://i.scdn.co/image/a4246dbcd6956461bce65d138be401e4152f2d5d,https://i.scdn.co/image/3ca0e7e74accf464a1dd6af71176b43783b43ae0,https://p.scdn.co/mp3-preview/a3c584358e68ee984ac4b1f31d4a832fb46aeeb9?cid=89541d432a864af4a2f0cba84cd40170,https://i.scdn.co/image/9d5e15f077508b7e254b8ba3dadbc14625508321,9 to 5
Hail to the King,5anCkDvJ17aznvK5TED5uo,https://i.scdn.co/image/d6fef16190f1516d0efe91c0d1bc6f28d8aa8865,https://i.scdn.co/image/eaaca1bf968dd0e460673e0c7935a21e697e7286,https://p.scdn.co/mp3-preview/98789a401a319f3d9cbae41c6c89630154c0998c?cid=89541d432a864af4a2f0cba84cd40170,https://i.scdn.co/image/eb29dc8f3743000c2394a412f9f72824733c3593,Hail to the King
Toto,4aVuWgvD0X63hcOCnZtNFA,https://i.scdn.co/image/419366b78e2350c087fcf3674ecea4d5abda7611,https://i.scdn.co/image/dedd97ed6f2f78405e0f127f96961b0276cef1bc,https://p.scdn.co/mp3-preview/3f451d46def07f436729cd5b48d7d88a7d48dc4d?cid=89541d432a864af4a2f0cba84cd40170,https://i.scdn.co/image/d6d856563f9ed3d3cc4068a0828a54a7ad4403b3,Hold the Line
She's So Unusual: A 30th Anniversary Celebration (Deluxe Edition),1Jj6MF0xDOMA3Ut2Z368Bx,https://i.scdn.co/image/d3526b9bc42399d328a3f7a8608633ea7cd526e8,https://i.scdn.co/image/696b9b8c8193b6422cb1e9c49647bb741c70d01c,https://p.scdn.co/mp3-preview/0bd40c4c5f27548fd83f721380b99466c1c2094f?cid=89541d432a864af4a2f0cba84cd40170,https://i.scdn.co/image/f7d98a61885c3bc21d99ed1f2991565e4dc084b2,Time After Time
What A Feeling,0aAR5HogGoT68EWFbyRFqx,https://i.scdn.co/image/3be11a061176e472067bd2f56d374432a2d064b3,https://i.scdn.co/image/580ac8203e8d110fdd1ec63632161d7014d71fe9,https://p.scdn.co/mp3-preview/bc6a35d8a3dbdbed0a7c7fde9a9ce6c4fc3207a6?cid=89541d432a864af4a2f0cba84cd40170,https://i.scdn.co/image/17b30ac10bdfce4a7729c3c5cc4ee2e954055ffb,What A Feeling
Hooked On A Feeling,6Ac4NVYYl2U73QiTt11ZKd,https://i.scdn.co/image/6fb438f0655af291ac28900b1c75e75aa3d22989,https://i.scdn.co/image/90cba69ca91e475df0e3e7925276d54f4e5b3e04,https://p.scdn.co/mp3-preview/f4d2ded715803f9fe52b09bf38725b6a888ba45a?cid=89541d432a864af4a2f0cba84cd40170,https://i.scdn.co/image/36781eedf859852a223eeb9346c44f6c7f31b0a2,Hooked on a Feeling
The Freewheelin' Bob Dylan,18GiV1BaXzPVYpp9rmOg0E,https://i.scdn.co/image/3c5967c04f83130f1ffbcb2ce971c81f21ff2f6f,https://i.scdn.co/image/2d2d778d68badfbcb9cfa3b12b2b47889f46c51e,https://p.scdn.co/mp3-preview/fc1dd43539f9fbdaa17a4b012d61d50864e6f1fa?cid=89541d432a864af4a2f0cba84cd40170,https://i.scdn.co/image/191709f829fb6aecc59082fc613fadd533a86e8e,Blowin' In the Wind
Back In Black,2SiXAy7TuUkycRVbbWDEpo,https://i.scdn.co/image/52d83377fe9d7fc838deeb859499f3973adf903f,https://i.scdn.co/image/b7b31914e0c4951249fad37271248212c8ac3025,https://p.scdn.co/mp3-preview/2a200f628c41fadd1734ea7663f380659b93d826?cid=89541d432a864af4a2f0cba84cd40170,https://i.scdn.co/image/184dd6719f7c5317a08505d4d67795583adfb392,You Shook Me All Night Long
My Love Essential Collection,6yw2pmCVpIwnyEnqdEuAaT,https://i.scdn.co/image/2ecfcc500b24588c1048698687cf25239e5069ff,https://i.scdn.co/image/b8a048ba3f12f1e31375fd2dd826ccc0fd14811a,https://p.scdn.co/mp3-preview/b98064ff7876dcefd0eca2fe5a5a24351cc27d5d?cid=89541d432a864af4a2f0cba84cd40170,https://i.scdn.co/image/043bac38d2bc5d5247e80ad6f90eba462658f89c,"My Heart Will Go On - Love Theme from ""Titanic"""
War is the Answer,1UWGkn34CD31VQfdi4D8Zp,https://i.scdn.co/image/ce6180e56bfcbca64f50c14aa2f2ba8898c9f8e8,https://i.scdn.co/image/2bdc8b1d1a7ce15cb2a45809c2041d015bfb70e5,https://p.scdn.co/mp3-preview/c5f003381fb9810398a39b8146632fd98f24b41a?cid=89541d432a864af4a2f0cba84cd40170,https://i.scdn.co/image/84a1fa256f512f5190cbc5482e806f4c869822c3,Bad Company
Stay Hungry,70Z9t1qhytWtG4cCmmi7mU,https://i.scdn.co/image/2a02f49aeb969a346525a5c410bff89eaa2579db,https://i.scdn.co/image/881e3254065ae5ecbc923536977462a8e619945b,https://p.scdn.co/mp3-preview/79a4a3dafaa7570ea888cc4dc7a9a049162986ef?cid=89541d432a864af4a2f0cba84cd40170,https://i.scdn.co/image/79bfc4395b588a8c12c6d21b2c431eaeee53ffb2,I Wanna Rock
The Singles Plus,4mn2kNTqiGLwaUR8JdhJ1l,https://i.scdn.co/image/f9a69d3ba778956e2771113cce2d30f5e5f0408b,https://i.scdn.co/image/88700bc63cb257ed30da948f6cfa8ee68fa0f049,https://p.scdn.co/mp3-preview/da7cd6105e6aaf6339bfd62ce077cae0d255832a?cid=89541d432a864af4a2f0cba84cd40170,https://i.scdn.co/image/2aec352b65ac984bae1fdca0b36bf0893e4cebe3,The House Of The Rising Sun
Led Zeppelin IV,51pQ7vY7WXzxskwloaeqyj,https://i.scdn.co/image/73b4f0ec5afb0716f65e9f121e7edbe92c46a908,https://i.scdn.co/image/f83337de55c46964886cb76127252ed16aba9e0e,https://p.scdn.co/mp3-preview/da57b9497b855355f1874eac17817d25eb90b71d?cid=89541d432a864af4a2f0cba84cd40170,https://i.scdn.co/image/7b7289b06b56be2cc9244d0a53fa524bf438d2a8,Stairway To Heaven
It's Raining Men,6IOKrkLJQYDwCf6nthu8DB,https://i.scdn.co/image/c1bcd0bd19ff0f1f3be9b33865674af49dbfded2,https://i.scdn.co/image/b0e5215ca865a45b2327f5ce66bd2dfcc02b5772,https://p.scdn.co/mp3-preview/c066b72cc11941c415f41152b32c7428b47a1a9f?cid=89541d432a864af4a2f0cba84cd40170,https://i.scdn.co/image/310ec473e3f9ac8993db971eca9290e5c600a9a2,It's Raining Men
Voices,4o6BgsqLIBViaGVbx5rbRk,https://i.scdn.co/image/b6f427125f28955c2419830d770977e452c10cd5,https://i.scdn.co/image/c2c30b6921377358d2c8f6042b7ac69f7e614edb,https://p.scdn.co/mp3-preview/771d17fd95b403d1cedf9337822038f31847dcf6?cid=89541d432a864af4a2f0cba84cd40170,https://i.scdn.co/image/0cc680472a985c12b091b1c2a27d6d86f1c93f50,You Make My Dreams
British Steel,2RaA6kIcvomt77qlIgGhCT,https://i.scdn.co/image/2ef222e7f031aefc4b52cb1ec077e2e85b068819,https://i.scdn.co/image/702677c6c54834189293d117fcd4e14cc6fa343a,https://p.scdn.co/mp3-preview/2045675c3ff30411c283de17ddcf3952efd9234e?cid=89541d432a864af4a2f0cba84cd40170,https://i.scdn.co/image/0326251067fe5b5dd805d6c28a83d2db83a62d56,Breaking the Law
The Eternal Dance,5nNmj1cLH3r4aA4XDJ2bgY,https://i.scdn.co/image/9a29e448a04544a6d05cec4f152333381bb96a0c,https://i.scdn.co/image/c6e16cafc38a72eaf953b4b828c1faa114190a43,https://p.scdn.co/mp3-preview/5fce831e28eb2ae69f1c44e340c2368c228e0764?cid=89541d432a864af4a2f0cba84cd40170,https://i.scdn.co/image/08c2e3d7188bec1f2670d1adeaeca5a3a274ff29,September
The Bodyguard - Original Soundtrack Album,4eHbdreAnSOrDDsFfc4Fpm,https://i.scdn.co/image/967089a394a33b98836be3412f8ebf43f135628c,https://i.scdn.co/image/7406d595b677f5b628a13ba7bf65b608a7dd9646,https://p.scdn.co/mp3-preview/91e6d3e0b48cda2f3a1b2391a1c1384fbf73b8a8?cid=89541d432a864af4a2f0cba84cd40170,https://i.scdn.co/image/2340f65699a19db968f3a86166027facd8fca8bb,I Will Always Love You
I Am,6ztstiyZL6FXzh4aG46ZPD,https://i.scdn.co/image/a74560fa9126d46f00b966708ac76c562017d0aa,https://i.scdn.co/image/35726103d22db1d508dbef9ee58490c2b6f6fd19,https://p.scdn.co/mp3-preview/b2d590fb86a0424a3f959033df1a92f9a6c325d4?cid=89541d432a864af4a2f0cba84cd40170,https://i.scdn.co/image/a88c45856c07abc37b15533950452cdf8436a064,Boogie Wonderland
The Essential Daryl Hall & John Oates,169oHBed4Nj1Q073yu9bFB,https://i.scdn.co/image/9d2ef2bdffdbb2dcb011039ba9140135b71377e2,https://i.scdn.co/image/83b16f32034ec7e9d449379352fad28fca102608,https://p.scdn.co/mp3-preview/4f67fe24b9a6c3eec0e7a9fe6f8fa2348dc11d24?cid=89541d432a864af4a2f0cba84cd40170,https://i.scdn.co/image/1c8febc08fab13d36f15ea0de931859fcfafbdcd,Out of Touch - Single Version
Just As I Am,1k1Bqnv2R0uJXQN4u6LKYt,https://i.scdn.co/image/57d0488448c8f0401e4f804d733af4f3f7b3c9ed,https://i.scdn.co/image/ba9ebe79a63e36a643bc35df0dcaec2034d6267a,https://p.scdn.co/mp3-preview/2f56920743ab7da6d3d6331868dd23bbe72cd063?cid=89541d432a864af4a2f0cba84cd40170,https://i.scdn.co/image/9ee1d01e0238c66f625523a5b92e1b9013002beb,Ain't No Sunshine
Blur [Special Edition],1FTSo4v6BOZH9QxKc3MbVM,https://i.scdn.co/image/8598dd87ca83d963fb9c6295f42ebb883fbfd93f,https://i.scdn.co/image/ad88757ab4021ac6855bc3ef5befc45e98d539c7,https://p.scdn.co/mp3-preview/183c0855e94b58dcb267e2b0721d4a3c99260acf?cid=89541d432a864af4a2f0cba84cd40170,https://i.scdn.co/image/20b1573959e395187900f335abe02258d8a5bc36,Song 2 - 2012 Remastered Version
Twenty Five,5qFPs70nZD1fQZOi7u7cIZ,https://i.scdn.co/image/4b9473369471a651b8173359780498fd7ab4e60f,https://i.scdn.co/image/592ba778da8d3ec3055ea15cd02d21d2c15873ff,https://p.scdn.co/mp3-preview/03505b02409a4f267b7f701063cfc49c5d536d77?cid=89541d432a864af4a2f0cba84cd40170,https://i.scdn.co/image/87f3df8c77a454b565c698f98b1bee49da071b21,Wake Me Up Before You Go-Go - Remastered
Metal Health,3vV3cr2TpPqFk07zxYUbla,https://i.scdn.co/image/fd82920ca1031ec741c19a6b471d17e6228f26e8,https://i.scdn.co/image/4635c3548376f69b24dfdd547e54a55182904974,https://p.scdn.co/mp3-preview/9370cd947c91fac066bde113f6faac45cb7c89cd?cid=89541d432a864af4a2f0cba84cd40170,https://i.scdn.co/image/ae1356e67382f9087fc38bb17a75336bf795919c,Cum on Feel the Noize
ReCovered Hits Volume 2,0p20xyAdYkaxAPWdXr0sir,https://i.scdn.co/image/3610a5890d0780ce8d845b3e3957247d22ce05f8,https://i.scdn.co/image/728d609f8c9c7e6b735a76508f08d4c2f01dd88e,https://p.scdn.co/mp3-preview/22ec55ac72d4ed8f20840e94f5204cf5d15c9c12?cid=89541d432a864af4a2f0cba84cd40170,https://i.scdn.co/image/39accfd192c2605a755f5c65d698b41a1e5529ba,I Love Rock 'n' Roll
So Excited! (Expanded Edition),1ot6jEe4w4hYnsOPjd3xKQ,https://i.scdn.co/image/a9c7993961a0b1cb68553214e62a4abd493f370d,https://i.scdn.co/image/de078e1f7c5103f8d9be4538f5aeeb3a3ae0667f,https://p.scdn.co/mp3-preview/561e7f455013c0307a17b0551b95b1ae71a20375?cid=89541d432a864af4a2f0cba84cd40170,https://i.scdn.co/image/94ff68b7f61c1d8b7fc58c550e392d02cb5b567a,I'm So Excited
20000 Watt RSL - The Midnight Oil Collection,6Nabz5Gsy80XL0MJoOmgF8,https://i.scdn.co/image/f7b2c378d3cd7ed3275a7f194508a93a633ef5ff,https://i.scdn.co/image/3d46ab5e2735cf21324e9d0e9c73e804464798c3,https://p.scdn.co/mp3-preview/c68dba22ba58c3d94eaf4de6dae5332bb23b421d?cid=89541d432a864af4a2f0cba84cd40170,https://i.scdn.co/image/4dff56e12a2420fde9b943ba7627babefdea886e,Beds Are Burning - Remastered
No End In Sight: The Very Best Of Foreigner,3iM9wFGlyR28IBZrXYZK9j,https://i.scdn.co/image/ef93f5c919874b3f7cd347548e906a8a5252fc09,https://i.scdn.co/image/07be91c09f68af9a45ef95de8961e44ce3eb4020,https://p.scdn.co/mp3-preview/07b7615f80d77506ba909925df18aa3bb2842b27?cid=89541d432a864af4a2f0cba84cd40170,https://i.scdn.co/image/f15248d3bf7e34d2739b9621a76e7c5b2df45751,Cold as Ice - 2008 Remaster
Still Bill,3M8FzayQWtkvOhqMn2V4T2,https://i.scdn.co/image/d459ac8a8e151bf20b23dfb3a47e524c7ab84178,https://i.scdn.co/image/27ef66dc66207fe02873fd651e3dc9d9541e94a7,https://p.scdn.co/mp3-preview/88034b6356a11c9bea4cca28d56a80efcc655ac4?cid=89541d432a864af4a2f0cba84cd40170,https://i.scdn.co/image/a6f603977c9cf2e9fc1df005655c9d9c6c7b1fb6,Lean on Me
YMCA,54OR1VDpfkBuOY5zZjhZAY,https://i.scdn.co/image/bcee102b44d5e2ddc15e14adef8b095bbe766e05,https://i.scdn.co/image/e292ef10e45e81bad43d4f2a204637f90543e30a,https://p.scdn.co/mp3-preview/7c93511a2b7fee96e4e2a823e78d6b5b07aa07a9?cid=89541d432a864af4a2f0cba84cd40170,https://i.scdn.co/image/19270a15b3598ea8f41df294489b475d2079a880,YMCA - Original Version 1978
Savage Garden,69hwHdKl4Y1HusAutt3W6q,https://i.scdn.co/image/16b25a1501596c3c0a8aa3b8facd71c8cdadc818,https://i.scdn.co/image/4ce17c9fd0c9c7a343874e628d5b5175cd770100,https://p.scdn.co/mp3-preview/d24fa7178eccb057ea3b9ccdac51584bfdcc8898?cid=89541d432a864af4a2f0cba84cd40170,https://i.scdn.co/image/8f07ba1c8f20f325ed63db8a7a503e80627c60db,Truly Madly Deeply
High Voltage,7LRMbd3LEoV5wZJvXT1Lwb,https://i.scdn.co/image/d60d7c9a2cfe0b5b0ec254bf4f2e6397baa36148,https://i.scdn.co/image/9c9dd881b1350bd7ffa4510c692ea2f401b3be9b,https://p.scdn.co/mp3-preview/07370e75eaec4423362be7a5f420882ce260266d?cid=89541d432a864af4a2f0cba84cd40170,https://i.scdn.co/image/97ec47f61993702de195ec89f335245fdbef9892,T.N.T.
The Rise And Fall Of Ziggy Stardust And The Spiders From Mars (2012 Remastered Version),0pQskrTITgmCMyr85tb9qq,https://i.scdn.co/image/65d1d0b438352ba17cbf4548f5e3b63b9455ca68,https://i.scdn.co/image/9598d123dc969fc75835eba82b45b86748e58cbe,https://p.scdn.co/mp3-preview/d5a1fbdba4c24cd6414ef853cd5979ea18fb5f74?cid=89541d432a864af4a2f0cba84cd40170,https://i.scdn.co/image/14e9f80e92756674e9954a187248c07aaa3d27af,Starman - 2012 Remastered Version
Hold The Line: The Ultimate Toto Collection,5tJjo5JDF9zhzYD7yQfATH,https://i.scdn.co/image/e1abb41962137a14788f7bef55e79c3b0b2d8be3,https://i.scdn.co/image/0ba7addb691c2e2761358e627c4f4c307b4a9108,https://p.scdn.co/mp3-preview/1268f4266754a407769dc415769573cedff7c61a?cid=89541d432a864af4a2f0cba84cd40170,https://i.scdn.co/image/2bc42a1de90f0ecb84d35a87438507975b81dbc9,Africa
"Echoes, Silence, Patience & Grace",7x8dCjCr0x6x2lXKujYD34,https://i.scdn.co/image/190e4ea6551fdb5025d216d65b7c3799f49893d7,https://i.scdn.co/image/32c880c623ec6c46248987a73f50dc4a61fd14f3,https://p.scdn.co/mp3-preview/6aba2f4e671ffe07fd60807ca5fef82d48146d4c?cid=89541d432a864af4a2f0cba84cd40170,https://i.scdn.co/image/9f083f126f2c32455732a0f1e7377f4867c5d1d0,The Pretender
Dookie,6L89mwZXSOwYl76YXfX13s,https://i.scdn.co/image/927a0b3a207f999eaf94aa1f9b92b8900c95e014,https://i.scdn.co/image/39ac4904a22405fcf66d9ab8dea354d5b95a64f2,https://p.scdn.co/mp3-preview/a66864fcfd8923c6084fc2000e3086e4e1e0a657?cid=89541d432a864af4a2f0cba84cd40170,https://i.scdn.co/image/882ded5bfb1472be3ddd5862a224f62972c1a49c,Basket Case
Sweet Dreams (Are Made Of This),1TfqLAPs4K3s2rJMoCokcS,https://i.scdn.co/image/18ea6d20b0d127f24bda175eb5533806caa884b8,https://i.scdn.co/image/3ae68b57e21a76ecea60dda8501fd57041d57224,https://p.scdn.co/mp3-preview/90dbf17146e76483a9fe296d7f03001e2f07199f?cid=89541d432a864af4a2f0cba84cd40170,https://i.scdn.co/image/c895f7e508b14f1245304ef97aee78717c949b11,Sweet Dreams (Are Made of This) - Remastered
Thriller 25 Super Deluxe Edition,5ChkMS8OtdzJeqyybCc9R5,https://i.scdn.co/image/3c294000d8739af300d9a842934d6f7e090471c7,https://i.scdn.co/image/d50dab8e3338d47ddc84195a0779b6b80704f8c5,https://p.scdn.co/mp3-preview/4eb779428d40d579f14d12a9daf98fc66c7d0be4?cid=89541d432a864af4a2f0cba84cd40170,https://i.scdn.co/image/eb2b6bb819fd2b1795acd65efc8e1a975c487afc,Billie Jean
Eye Of The Tiger,2HHtWyy5CgaQbC7XSoOb0e,https://i.scdn.co/image/4d4825b7f73179ecab1c3016b4c3bad9bd8dfb85,https://i.scdn.co/image/02c269a4abe4f8ff3583ae4a40da935637a3bcf2,https://p.scdn.co/mp3-preview/0305e216dd77b09c395724bd2c3506cd1047dad2?cid=89541d432a864af4a2f0cba84cd40170,https://i.scdn.co/image/4d3543b4092b787fc43fcf184b74ef3d83dea27f,Eye of the Tiger
Greatest Hits No.1 Gold Selection,6BKOBYeTXMQtMRshLprSbS,https://i.scdn.co/image/66f1aa90adc534fab2fd132865589dcddfe925df,https://i.scdn.co/image/183ab9ae0e3049a376b62de579d796e6a178162f,https://p.scdn.co/mp3-preview/0caeece998a6d2ac764ca7c40eaf72a137a9aa33?cid=89541d432a864af4a2f0cba84cd40170,https://i.scdn.co/image/b9955f7af6404ef48e14c97d12b86ff38eb9c1a0,Country Roads
Hunting High And Low,2WfaOiMkCvy7F5fcp2zZ8L,https://i.scdn.co/image/c41ae5b513a39d1c616c4c279ebe19981a3092f3,https://i.scdn.co/image/29524c6b4c9c821d7b57702ba05f380ac49144af,https://p.scdn.co/mp3-preview/0f980d0fac59f77123d0272b78bce97f1374d9e9?cid=89541d432a864af4a2f0cba84cd40170,https://i.scdn.co/image/38c04d9df82e1172f096511d5af3fedc1c053948,Take On Me
Forever Young,4S1VYqwfkLit9mKVY3MXoo,https://i.scdn.co/image/eb0b1c38c2c4b6309caea3ead6a23da8a5159885,https://i.scdn.co/image/f0a3ceee86a423954152abf32039f79392ad6613,https://p.scdn.co/mp3-preview/847a8d10c771089bbb767c1763f4b54b76115442?cid=89541d432a864af4a2f0cba84cd40170,https://i.scdn.co/image/7268aac518582edb95eb7a930ddf174604f5e65a,Forever Young
80s 100 Hits,3HRQtRUYnnuZY7fE900XtJ,https://i.scdn.co/image/d8014a85f0458035f18abb5a549783713b6128f5,https://i.scdn.co/image/2e525b5ace211e135451555e8e6ac99a81b5592b,https://p.scdn.co/mp3-preview/e27a6fa83d8b538e267e206f0dd8ac6303282eb5?cid=89541d432a864af4a2f0cba84cd40170,https://i.scdn.co/image/a9b2edfb45beb249a80664a9182a5c8e2d099ce5,Don't Stop Believin'
Eighties Music School: 80's Rock & Post Disco Best Songs,6uxDCdYUeU2ujyPRV3BhYm,https://i.scdn.co/image/959e1f0e0e9150c489b0a1175aef0ff3e5ee70c7,https://i.scdn.co/image/c465a8365ea50b0d26eb49ec16de943819454385,https://p.scdn.co/mp3-preview/f61f2e2266dca429f801ec85a4a2fc0b5c9b1566?cid=89541d432a864af4a2f0cba84cd40170,https://i.scdn.co/image/b6c101a5d910c9dbb567ac4e77f456e5ceb461c8,I Wanna Be with You Everywhere
God Shuffled His Feet,76nvqWPFucUra1xCkN1tnD,https://i.scdn.co/image/2689507f402843435d2bc635486aed0cace4d676,https://i.scdn.co/image/8030f39e07c486071ca737bc8748d71bcd70d1f6,https://p.scdn.co/mp3-preview/5b230e95123f352c3a33b48ce6d081a185a15cad?cid=89541d432a864af4a2f0cba84cd40170,https://i.scdn.co/image/1719ec9c00bd9771837632486fe263b4353cce2e,Mmm Mmm Mmm Mmm
Crazysexycool,6qspW4YKycviDFjHBOaqUY,https://i.scdn.co/image/7ba2f43945e9b6b2c32cb16720e73bc4d63425c4,https://i.scdn.co/image/a1d357c20226450f7c2cdbad6ad11bbe91039b00,https://p.scdn.co/mp3-preview/0d6910587f1e6081f7016d8bc2ec7ab94cf5f0fe?cid=89541d432a864af4a2f0cba84cd40170,https://i.scdn.co/image/cd9f9cd4de0a29be7a362c3e7fd32b44c81134d4,Waterfalls
Michael Jackson's This Is It,6pBM20jZldvNlbNcnwAX0y,https://i.scdn.co/image/20229cb85db3fe46f0fa3ea2eab0260341a4baf6,https://i.scdn.co/image/3016e74f3a9677c2dd3a24ed73e42e2a43d2af7c,https://p.scdn.co/mp3-preview/386acb48d5b2f6c205200062b6ce158c4ba52647?cid=89541d432a864af4a2f0cba84cd40170,https://i.scdn.co/image/6120a09e0762b57d2fa8f73cdcb916e20f4110e5,Beat It - Single Version
Ricky Martin,0Ph6L4l8dYUuXFmb71Ajnd,https://i.scdn.co/image/dfa3b60a35b8795baab0c96dbe3e5a1fa7878888,https://i.scdn.co/image/6833ac9366a3700fd9bca8a5b972aa31e9909b27,https://p.scdn.co/mp3-preview/5fdf7aacfed97c3f3d476f58dac07b8214421acc?cid=89541d432a864af4a2f0cba84cd40170,https://i.scdn.co/image/b22fd7a536a063b1f6e23c2bd8ca86c247853050,Livin' la Vida Loca
The Best Of The 80's,7sMGwiS4vOMcz86ZY3vKYM,https://i.scdn.co/image/cfdaed44645481ba7a696185b9e2bfc940ce8fb6,https://i.scdn.co/image/1f89026460c10c36d5bc4efa0cc6a3cc3ceb7140,https://p.scdn.co/mp3-preview/b7dc055382341560973132ef4dcb45c150875f37?cid=89541d432a864af4a2f0cba84cd40170,https://i.scdn.co/image/0c3a1ad47141e16e67fcac1370daa949d47391e9,Girls Just Want to Have Fun
The Essential Billy Joel,3CSpzkoL1XgDBZ1q9aDCUV,https://i.scdn.co/image/0de042e1d60c20e9b64bbf091c8dfc979e561104,https://i.scdn.co/image/7732c795b4ed7877b2cf8510685b439659264747,https://p.scdn.co/mp3-preview/d3b37bdad05ca2e573eb096fa19521b3fe36adba?cid=89541d432a864af4a2f0cba84cd40170,https://i.scdn.co/image/7e28eca3ea5124d24690d8093c76eadc069f5b09,Uptown Girl
The Best Of Men At Work: Contraband,46RVKt5Edm1zl0rXhPJZxz,https://i.scdn.co/image/a919f0019370c1431d3b9bec217ed4239c0a54a9,https://i.scdn.co/image/914e7320e0a35fe87ee8428270e538e0a8f294c4,https://p.scdn.co/mp3-preview/e2a0e908126b04c92cf0f80c29242d46f2b45396?cid=89541d432a864af4a2f0cba84cd40170,https://i.scdn.co/image/750433b4d127fc1ce9c0f3dbb7b9e3f44e1748db,Down Under
Whenever You Need Somebody,4uLU6hMCjMI75M1A2tKUQC,https://i.scdn.co/image/15ac2c9091d9b74e841b281ceb23ca8208321444,https://i.scdn.co/image/90ed6823864381221c03dc3c9fc62d094e81dfb2,https://p.scdn.co/mp3-preview/a69cabb16c6c3333db903d1f538e808493689e40?cid=89541d432a864af4a2f0cba84cd40170,https://i.scdn.co/image/568017ab80000e71ca299909806898f75a948456,Never Gonna Give You Up
Parade - Music From The Motion Picture Under The Cherry Moon,62LJFaYihsdVrrkgUOJC05,https://i.scdn.co/image/82a71b73aef766f63e79d99f835105d8df35e5f6,https://i.scdn.co/image/d8dd98426fec104578746c9da951369261538ae6,https://p.scdn.co/mp3-preview/87d72814c44403d3ff668ce8639d3d5b287a39de?cid=89541d432a864af4a2f0cba84cd40170,https://i.scdn.co/image/f872cd160297f2fc5300a60101ee5ef695d291fc,Kiss
Piano Man,78WVLOP9pN0G3gRLFy1rAa,https://i.scdn.co/image/05adfbc8914bec4983675dec65c514dcab13beb6,https://i.scdn.co/image/2f0d5ce3d688a15596e93ac4425f946eda4b52c5,https://p.scdn.co/mp3-preview/616c82628b148566cbe6e8309faf6991b7007b35?cid=89541d432a864af4a2f0cba84cd40170,https://i.scdn.co/image/8fe18d6af2caf4978805bcc6222617314171725e,Piano Man
Whitney,2tUBqZG2AbRi7Q0BIrVrEj,https://i.scdn.co/image/0cae12b917772272ff492b955c976ac35c73eb00,https://i.scdn.co/image/d62718354db835b559242631916e4db533532321,https://p.scdn.co/mp3-preview/3bb02cefe0aca5129bb4be624a3f0dba6f31409f?cid=89541d432a864af4a2f0cba84cd40170,https://i.scdn.co/image/0c4f0e1b47b0bec49ab4e11ef51deabc3c6fe5da,I Wanna Dance with Somebody (Who Loves Me)
Totally Krossed Out,27AHAtAirQapVldIm4c9ZX,https://i.scdn.co/image/a9821f7e0161325d14e3f3d63ac319ff5603c30b,https://i.scdn.co/image/ee0cdbf5693c9af0b19383199ac9a06619bc6a26,https://p.scdn.co/mp3-preview/048216266ed154b08ed225829b61aaaaff8e5b93?cid=89541d432a864af4a2f0cba84cd40170,https://i.scdn.co/image/c54b72d03f5e39d64bd9119c605058f5805036cf,Jump
Greatest Vol.1 - Belinda Carlisle,37Q5anxoGWYdRsyeXkkNoI,https://i.scdn.co/image/b813e8cc82a45637eeb5908905bf73953fee77d4,https://i.scdn.co/image/18e9d4e1b03652e66e3787139347f16d9c74ab2a,https://p.scdn.co/mp3-preview/d51127e836e3a7bf005ecc519f2766a862a5739d?cid=89541d432a864af4a2f0cba84cd40170,https://i.scdn.co/image/4ec68c630d3c402706a006dfaa494ad8760bae1d,Heaven Is a Place on Earth
Stankonia,0I3q5fE6wg7LIfHGngUTnV,https://i.scdn.co/image/48787c279dab6e8c1cc3b4beb27875ff37715fec,https://i.scdn.co/image/fe185016d4cd29a3385d29b6c772e282abfc42e1,https://p.scdn.co/mp3-preview/36ade9974fa85079e996dd9aca93af62c4e88711?cid=89541d432a864af4a2f0cba84cd40170,https://i.scdn.co/image/f250c5508ae167838aee98d453d40492ebc5cdfb,Ms. Jackson
Merry Christmas,0bYg9bo50gSsH3LtXe2SQn,https://i.scdn.co/image/e06f3ddadf59ee24504fc02bfe205945807a2437,https://i.scdn.co/image/46fb2752b5a9967f94c2cafd5f2903c89d6d8bf7,https://p.scdn.co/mp3-preview/ab4f06069148ef8510d8681164479601d4617bed?cid=89541d432a864af4a2f0cba84cd40170,https://i.scdn.co/image/770180da03a8e23ac5ff7847496e9538cf73ce85,All I Want for Christmas Is You
"Disco Kid, Vol. 2",7qx9kf6tb2egULcciYuLgV,https://i.scdn.co/image/51fb0b8e04f8ce1027540ed8256457c2d369fd9d,https://i.scdn.co/image/afa62fca081bc7e9566e9dbcd96142c8b68c0984,https://p.scdn.co/mp3-preview/b85e31ef665ed4633fe80e1840f80a656a71e8c1?cid=89541d432a864af4a2f0cba84cd40170,https://i.scdn.co/image/5738364012868751245ea9f47cead193a9ea2337,Dr. Jones
Welcome To The Real World,78FHUZRbFDCG6VkRAQdFLm,https://i.scdn.co/image/bf703af445bdf099f9608f999f6bbdddcdb57716,https://i.scdn.co/image/3efff78820fd84f673f0e2956eb970b99e650d23,https://p.scdn.co/mp3-preview/a5e3b1d4b6fed0b708bcf8d159619652a3eed724?cid=89541d432a864af4a2f0cba84cd40170,https://i.scdn.co/image/78aecf2175756c4f3bec70e3836bcaa42173186b,Broken Wings
The Final,2R7858bg0GHuBBxjTyOL7N,https://i.scdn.co/image/7e20118a24e19c75b09046f6ed64691858592ba4,https://i.scdn.co/image/a8f67e0d6f25b3014c64a0f5bebbc91b08f50388,https://p.scdn.co/mp3-preview/ab98c6031a85f245e278159490ccb22dc3440ad7?cid=89541d432a864af4a2f0cba84cd40170,https://i.scdn.co/image/99d41eea4514d7f0037d070eb5bcc0f0070bc962,Careless Whisper
Arista Heritage Series: Ray Parker,300zfRaCgTmEm5Eqe3HqZZ,https://i.scdn.co/image/6d12a5fab89f14b855a2ad08f6e52b8600d78ab9,https://i.scdn.co/image/51c436358c8d1484e8708ea6cbc167165950cabc,https://p.scdn.co/mp3-preview/fc919929a10a7d712f76c36566321e2048f7daa8?cid=89541d432a864af4a2f0cba84cd40170,https://i.scdn.co/image/76c7b6c70cf112307ae2e9b64eb0c9c99b18cedc,Ghostbusters
The Very Best Of Van Halen (UK Release),0Z7O8GMQShj9TJrm2yX1R6,https://i.scdn.co/image/af8a1d045d872960f379894c7bee22dfa3daded7,https://i.scdn.co/image/3ab73f6b958647e466772587223f39f0c1ed5bcd,https://p.scdn.co/mp3-preview/1272f580e516703bd4c01ebaf441b9a5261ad5d5?cid=89541d432a864af4a2f0cba84cd40170,https://i.scdn.co/image/b01e6d5763aaf2ffb51de463134e1faafcd8ee61,Jump - Remastered Version
Finest,66S14BkJDxgkYxLl5DCqOz,https://i.scdn.co/image/14a35179195a488594e9bf983408dcc90910affd,https://i.scdn.co/image/8bbcced3dd757ef741bce3b52b70639909908464,https://p.scdn.co/mp3-preview/2919264bff964a01ab401bdb3d15b2a953301ae0?cid=89541d432a864af4a2f0cba84cd40170,https://i.scdn.co/image/5ef05f098bf4e2c841b3a149a85e70f38386cbc6,I'm Gonna Be (500 Miles)
Dizzy Up The Girl,6Qyc6fS4DsZjB2mRW9DsQs,https://i.scdn.co/image/94f5fb578cef28b011f84553a27763d4a13da25c,https://i.scdn.co/image/5ca94802a380fb4045ead85c8f366ef828c24e28,https://p.scdn.co/mp3-preview/0e87ade9fa869e31b3c32115c2c10ee8fa522c81?cid=89541d432a864af4a2f0cba84cd40170,https://i.scdn.co/image/3b7278f356a923323d76f53b55507fddd82a0dec,Iris
The Hits--Chapter One,6e40mgJiCid5HRAGrbpGA6,https://i.scdn.co/image/91142eab23c3273fa73e490f2d04464c69423f75,https://i.scdn.co/image/a0c568812dd34dc1f0262dabec0773c27e36f27a,https://p.scdn.co/mp3-preview/e72a05dc3f69c891e3390c3ceaa77fad02f6b5f6?cid=89541d432a864af4a2f0cba84cd40170,https://i.scdn.co/image/59281a4b01e936a3a5fa3d95d58b033780f0cf8c,I Want It That Way
Bad Boy's 10th Anniversary- The Hits,3QHONiXGMGU3z68mQInncF,https://i.scdn.co/image/cfaafe637e99a8623a0494531cc2824ffd7a495f,https://i.scdn.co/image/b92d960031392953214e14700f5af195a910751c,https://p.scdn.co/mp3-preview/3b37724224c064ea4af094c37b7a63aa3c6c86b9?cid=89541d432a864af4a2f0cba84cd40170,https://i.scdn.co/image/8e16e99aae41853f5182ac432ab8312567a9c8bb,I'll Be Missing You (feat. 112)
Tal Bachman,7mnGQesk1TzQLzQ9bYWZPR,https://i.scdn.co/image/9df9b491a555a1a2db0ae3a6ec35477ca4cff52a,https://i.scdn.co/image/e248941b5defa74bcccf77676fecb0a6b4b24059,https://p.scdn.co/mp3-preview/4554c4f666f713acc1508fdd8f24c709f21e5fe8?cid=89541d432a864af4a2f0cba84cd40170,https://i.scdn.co/image/168c891c4021429ead115064acbaac5fe3d8e7e5,She's so High
Hybrid Theory (Bonus Track Version),60a0Rd6pjrkxjPbaKzXjfq,https://i.scdn.co/image/66ff51342a9b250bf5b998fd0ec8e977671468bc,https://i.scdn.co/image/bec4a40aa4ac10b3e5518cf1dcbca33d1e5121ec,https://p.scdn.co/mp3-preview/993540fd7aa1a0a44bb0d1b2c82092578c831b07?cid=89541d432a864af4a2f0cba84cd40170,https://i.scdn.co/image/9b5e12a4d057a8b4313842ee481a9d8ea82945cd,In The End
...But Seriously (Deluxe Edition),1NCuYqMc8hKMb4cpNTcJbD,https://i.scdn.co/image/5a033a478eb4cd1e0fae3060d6037984d99cab4b,https://i.scdn.co/image/a22abf92eb46cd4ff26c72f4bd37942f9480e21b,https://p.scdn.co/mp3-preview/caded0dd1037c167ae428022979e3e1003d0af39?cid=89541d432a864af4a2f0cba84cd40170,https://i.scdn.co/image/7610e37c0230cce401f3ad69d2de9a778ee63fce,Another Day In Paradise - 2016 Remastered
'80s Pop Hits,2ZqT3GcisHUBsEaqhLGHwU,https://i.scdn.co/image/21a0c24238a7433bc7cd9968c7c5aaa863322440,https://i.scdn.co/image/3fe5f7a1c976d609fb47c490e92bf61f965ed3fe,https://p.scdn.co/mp3-preview/78311dc8567cb66e9b36e49bc176d73e335f951b?cid=89541d432a864af4a2f0cba84cd40170,https://i.scdn.co/image/6a46cda1cc7b46d099948b518640fbceba541ba1,Break My Stride
Born In The U.S.A.,7FwBtcecmlpc1sLySPXeGE,https://i.scdn.co/image/d002b63ceb5658cee781cf49ba60c485c666139a,https://i.scdn.co/image/42ad63086893c34effa05436a252e2d97a4a6bf5,https://p.scdn.co/mp3-preview/ca523bfc94766689529e443009bcec6b56cf8b6a?cid=89541d432a864af4a2f0cba84cd40170,https://i.scdn.co/image/644db6c6cda37805732108b83958f6bcb9d2ec25,Dancing In the Dark
Westlife,5giCRvTkp5GV5UIAORAOof,https://i.scdn.co/image/4b99ea08e9328ae5fbc3295eccd735f06dd14b8a,https://i.scdn.co/image/fa0b8ce5af9d73f40c8f5dbc86316279546d78db,https://p.scdn.co/mp3-preview/897ca3cd708079df29d336109aae9ded5abc185e?cid=89541d432a864af4a2f0cba84cd40170,https://i.scdn.co/image/e714c23324c8e39592db5a5303a15aebdbffd654,If I Let You Go - Radio Edit
What is Love - Remix,2ahnofp2LbBWDXcJbMaSTu,https://i.scdn.co/image/4554fa73f2f43563b87c8a0b803d0788da3d04a1,https://i.scdn.co/image/9852c3fea66c2435c0495bc912e99294aaabf3ff,https://p.scdn.co/mp3-preview/659374a67e87fcdc8ea1d975f65d3321084f4ab6?cid=89541d432a864af4a2f0cba84cd40170,https://i.scdn.co/image/72cf288c8a1a02d2fedc06d6ff1c04e782bea84e,What Is Love
Pocket Full Of Kryptonite,4ePP9So5xRzspjLFVVbj90,https://i.scdn.co/image/6f5ca0fca270b9c5786834df184ceb74c9f2061f,https://i.scdn.co/image/520c026bee959fbe868424b9c4506cf33ebc59e2,https://p.scdn.co/mp3-preview/88531d1cfdbcea42686efb7ea5dcf8c5ae797260?cid=89541d432a864af4a2f0cba84cd40170,https://i.scdn.co/image/a34221590dcf67b3877f98975316249f874da583,Two Princes
Greatest Hits!,65OXGbKBQ8gUyJvUd0jNpf,https://i.scdn.co/image/80086ba63884182bbf7f5e7cfe2aef8a18ba3944,https://i.scdn.co/image/82244c91ecb7ac38e908a232f701ef7f67fdede9,https://p.scdn.co/mp3-preview/d596847aefcbafa2d620753d1a71971f3f776d13?cid=89541d432a864af4a2f0cba84cd40170,https://i.scdn.co/image/ab79c0b35b84eab8d57cdc99216b08c910f31697,"Boom, Boom, Boom, Boom!!"
Best 1991 - 2004,0z5E34e7ZT3XKMYQNXh6tH,https://i.scdn.co/image/b833c17d5d10e33e6b711a2ef6e80ab8a33ee042,https://i.scdn.co/image/f8f77f0f551a06608f6ccb431d934c5e9e4cde6d,https://p.scdn.co/mp3-preview/70c682670b19c9659961c51a1f917dc46da9b56f?cid=89541d432a864af4a2f0cba84cd40170,https://i.scdn.co/image/9b94c6347d49ced5e20ae818a4ae97961f327bfa,Kiss From A Rose
Armageddon - The Album,225xvV8r1yKMHErSWivnow,https://i.scdn.co/image/e7844941dcb855a84d68301c4a1bd394361984ed,https://i.scdn.co/image/9dcf9100f53dfb52934677d759c3d292decdffee,https://p.scdn.co/mp3-preview/cb807aca1786ce663e5b533a17508df7ece2544a?cid=89541d432a864af4a2f0cba84cd40170,https://i.scdn.co/image/b776e8bb551a89706ca385e7ceda5cfce4292438,I Don't Want to Miss a Thing
Who Needs Guitars Anyway?,0pMUR7Uvp6vxlbG0qBFvgM,https://i.scdn.co/image/785563f4617b87950534208622342c2ee9c6190a,https://i.scdn.co/image/ae4313f7683df8b94e26bda206e1e88a0d869a8c,https://p.scdn.co/mp3-preview/d4a8e5d6fe6e83aded1afc394b2fe8e792fb6810?cid=89541d432a864af4a2f0cba84cd40170,https://i.scdn.co/image/e1ac57b9df962592be9c67c014de9781cbba44d7,Better Off Alone
Marc Cohn,5fgkjhICZnqFctrV0AyuQD,https://i.scdn.co/image/f670b7a2646bb868c51457c5d79d61679180c483,https://i.scdn.co/image/e6e8e2a142c303f4d97aa0047e6c9047a9dd97ae,https://p.scdn.co/mp3-preview/dfca660c74d6459a663d3ab173814a3f043669be?cid=89541d432a864af4a2f0cba84cd40170,https://i.scdn.co/image/c5b3625c7be5996d0eb51633985f5a71750692c6,Walking in Memphis
Meteora,0kO3njY9N1Rxgv27Ha1lLh,https://i.scdn.co/image/251328c9534c55c5cdebacd5120e78297cdc6006,https://i.scdn.co/image/d835c83a2aee6a636748ac669b21cc194766ae92,https://p.scdn.co/mp3-preview/e6ccf7717f8a167bfea4afc1bf7da1a0cd707fbb?cid=89541d432a864af4a2f0cba84cd40170,https://i.scdn.co/image/54ccd4867819e3475e30f8b3991e8fcb53de518b,Numb
"Before the Storm, Special Edition",6Sy9BUbgFse0n0LPA5lwy5,https://i.scdn.co/image/3ac007f77c6e0313c8ef901a2f515c2334684289,https://i.scdn.co/image/a7b3f9ccaa388ab6b32fcfd1758c0eab3cdc19d1,https://p.scdn.co/mp3-preview/ef1fbd441eb8576dcc7c44a67dff75db0d712d28?cid=89541d432a864af4a2f0cba84cd40170,https://i.scdn.co/image/889efe673faa5ee6cbe53a711cca8948603d4b87,Sandstorm
Back To Bedlam,0vg4WnUWvze6pBOJDTq99k,https://i.scdn.co/image/938c956f4ea762ad3525ede6b2f7f175aa152460,https://i.scdn.co/image/6ffc656c3d5091d87ec8f789c9aacfa835f7d173,https://p.scdn.co/mp3-preview/1e9fe4947493daddd30a02f8e7b920eb413ce065?cid=89541d432a864af4a2f0cba84cd40170,https://i.scdn.co/image/a22ff9af345066b21bcc48710041eb101fcc93b5,You're Beautiful
The Best Of Big Mountain,1Rvl8qsKJurfFTyWLBI9ib,https://i.scdn.co/image/cc7589b25795712fa9820298930a90eee692bb4d,https://i.scdn.co/image/248099556763428084ba3399d703aee2f27f103e,https://p.scdn.co/mp3-preview/2088ffea2a54124e1e4e5e195303251f401c796f?cid=89541d432a864af4a2f0cba84cd40170,https://i.scdn.co/image/06a46e1abae6c8c6f2dc9b039a73fa39424da175,"Baby, I Love Your Way"
All Eyez On Me,3ssX20QT5c3nA9wk78V1LQ,https://i.scdn.co/image/d311ca24c89d533d205e366b6e8dc0327d465716,https://i.scdn.co/image/cb7894566ded4f86a046c2ff2d81c16b0f34be53,https://p.scdn.co/mp3-preview/bca8fee668f3bd06c8e0d30565050b757ebb1268?cid=89541d432a864af4a2f0cba84cd40170,https://i.scdn.co/image/de22d410ff2d7c4101e862ee007089e15a00417b,Ambitionz Az A Ridah
Cherry Pie,7LygtNjQ65PSdzVjUnHXQb,https://i.scdn.co/image/55093e4a972efad1c1a95a15975516cc45fea816,https://i.scdn.co/image/e17a67a083bd8f4dc1ff6cefb1170acf4da3356d,https://p.scdn.co/mp3-preview/1052d81db15f03ad31860af371c8c434566acb70?cid=89541d432a864af4a2f0cba84cd40170,https://i.scdn.co/image/585ce058bd98a758d2ededf822e5909bea2a5ed2,Cherry Pie
...Baby One More Time (Digital Deluxe Version),3MjUtNVVq3C8Fn0MP3zhXa,https://i.scdn.co/image/21eb19a80704f8dbf8176d0db0fd517fa32e669c,https://i.scdn.co/image/9d5d566ed1af67991ee1816137b58752a2e76d93,https://p.scdn.co/mp3-preview/da2134a161f1cb34d17c2d6d7e77cc93d1c1e6f7?cid=89541d432a864af4a2f0cba84cd40170,https://i.scdn.co/image/19bc0aedd3e232e9deb859de911b2fe7af5570e2,...Baby One More Time
Chariot - Stripped,6ich2xMH5AR39V85miIAN8,https://i.scdn.co/image/cc5af9bead103d6cadb1f14ce6ab78b7aa032657,https://i.scdn.co/image/983f5e4393c63f073b61d11a5511cf04a3a86b46,https://p.scdn.co/mp3-preview/23849aca5add574f6700fb36e4df8aba8f327626?cid=89541d432a864af4a2f0cba84cd40170,https://i.scdn.co/image/2cdcd9e966789b99bd623d41e7d357c9b4af1258,I Don't Want to Be
The Essential Michael Jackson,2Cy7QY8HPLk925AyNAt6OG,https://i.scdn.co/image/528e0d05f445e9e16b46b0923c62ca950ace7e7b,https://i.scdn.co/image/58c03d51bb18525f43398d128440500b7ab844fb,https://p.scdn.co/mp3-preview/2b6e89f6ad480deed492b01d5a63aabeaa6af1ff?cid=89541d432a864af4a2f0cba84cd40170,https://i.scdn.co/image/008dbfe055e000a897b11ae7736a38e560ffd124,Black or White - Single Version

